Student_ID,Attendance (%),Internal Test 1 (out of 40),Internal Test 2 (out of 40),Assignment Score (out of 10),Daily Study Hours,Final Exam Marks (out of 100),Exam_Completion_Time(minutes)
S1000,84,30,36,7,3,72,141
S1001,91,24,38,6,3,56,104
S1002,73,29,26,7,3,56,161
S1003,80,36,35,7,3,74,150
S1004,84,31,37,8,3,66,110
S1005,100,34,34,7,3,79,172
S1006,96,40,36,8,3,83,176
S1007,83,39,37,7,3,77,164
S1008,91,30,37,8,2,71,164
S1009,87,27,37,8,3,61,177
S1010,77,34,25,7,2,54,113
S1011,78,26,28,6,3,53,92
S1012,77,27,29,7,3,53,111
S1013,84,28,34,9,3,55,142
S1014,86,38,33,8,3,65,91
S1015,71,28,29,7,3,53,177
S1016,94,34,36,8,3,75,119
S1017,85,29,36,7,2,69,127
S1018,84,36,34,8,3,74,91
S1019,82,35,29,7,3,66,153
S1020,98,40,40,9,4,92,149
S1021,83,27,35,7,2,52,110
S1022,84,26,35,8,3,54,122
S1023,91,35,32,7,3,67,165
S1024,85,35,26,6,3,52,147
S1025,91,37,37,8,2,77,111
S1026,86,39,30,7,3,71,178
S1027,86,31,27,7,2,56,138
S1028,95,40,33,9,3,80,148
S1029,85,25,36,7,3,65,131
S1030,78,25,33,7,3,56,149
S1031,75,31,35,7,3,60,169
S1032,85,34,35,8,4,73,104
S1033,77,33,29,7,2,64,151
S1034,91,40,36,9,4,81,151
S1035,87,33,33,8,3,69,136
S1036,83,32,26,7,4,70,151
S1037,80,29,36,6,3,54,140
S1038,84,31,31,7,3,58,144
S1039,90,39,40,10,3,88,153
S1040,92,34,39,8,3,74,92
S1041,75,31,24,8,2,55,140
S1042,100,36,39,7,4,85,96
S1043,80,31,31,9,2,59,110
S1044,76,33,30,7,3,59,162
S1045,97,38,33,7,3,79,128
S1046,95,40,36,7,3,84,107
S1047,92,35,40,9,3,85,93
S1048,80,34,28,8,4,60,178
S1049,94,29,30,7,3,64,149
S1050,84,33,31,8,3,67,103
S1051,74,31,32,6,2,51,98
S1052,80,28,32,8,2,61,179
S1053,75,34,30,9,3,71,142
S1054,92,36,37,9,3,77,91
S1055,94,33,35,7,4,70,173
S1056,77,33,31,8,3,62,149
S1057,84,39,31,8,3,76,160
S1058,88,29,38,8,3,63,133
S1059,76,33,37,8,3,73,97
S1060,93,38,23,8,3,65,136
S1061,77,25,30,7,4,58,124
S1062,74,29,33,7,3,57,167
S1063,78,26,27,7,2,48,170
S1064,82,36,38,8,3,77,125
S1065,78,36,27,8,3,51,139
S1066,95,37,34,8,2,63,93
S1067,85,39,40,10,3,75,91
S1068,74,25,31,6,3,58,95
S1069,88,38,31,7,3,78,143
S1070,74,21,31,6,3,44,93
S1071,97,36,30,8,3,71,143
S1072,75,31,26,7,2,58,152
S1073,81,35,35,8,3,73,107
S1074,87,31,34,8,4,66,179
S1075,79,30,28,6,3,60,133
S1076,77,33,32,6,3,65,123
S1077,87,28,32,6,3,66,163
S1078,73,33,29,7,3,61,151
S1079,93,37,40,9,3,76,103
S1080,75,35,31,7,3,67,137
S1081,75,29,34,7,2,53,104
S1082,84,35,35,7,3,67,161
S1083,67,31,30,6,3,50,167
S1084,85,34,30,7,3,57,176
S1085,79,28,33,6,2,60,151
S1086,88,32,32,7,3,68,129
S1087,84,40,36,9,4,74,174
S1088,92,33,34,8,3,66,169
S1089,78,33,35,8,3,69,171
S1090,91,40,36,8,2,73,142
S1091,85,37,40,9,3,71,113
S1092,81,33,34,8,3,66,115
S1093,87,32,31,6,4,65,178
S1094,79,33,24,7,2,53,149
S1095,80,26,32,7,3,56,130
S1096,81,33,33,9,3,62,118
S1097,86,27,36,7,2,69,104
S1098,84,36,33,7,3,71,134
S1099,68,27,29,6,2,45,154
S1100,96,34,37,8,3,80,178
S1101,99,30,40,9,4,80,160
S1102,80,30,29,8,3,57,98
S1103,92,36,28,7,3,67,177
S1104,89,26,34,6,2,56,90
S1105,82,31,34,8,3,69,97
S1106,83,34,40,9,2,69,177
S1107,94,32,34,6,3,74,152
S1108,72,30,32,7,3,55,100
S1109,92,36,34,7,4,73,170
S1110,95,36,34,8,3,83,97
S1111,80,29,35,8,3,66,124
S1112,97,33,40,9,3,88,124
S1113,91,32,29,7,2,52,122
S1114,94,35,31,7,4,75,94
S1115,84,32,31,8,3,57,130
S1116,77,27,30,7,2,49,117
S1117,82,33,31,7,3,57,96
S1118,67,18,32,5,1,35,162
S1119,78,24,28,7,3,46,161
S1120,90,32,33,9,2,65,101
S1121,78,27,33,7,3,62,123
S1122,88,36,33,8,3,73,122
S1123,100,24,38,8,4,73,137
S1124,81,29,30,8,2,55,112
S1125,88,33,39,8,3,78,151
S1126,73,33,31,7,3,66,177
S1127,93,36,36,8,4,72,126
S1128,92,37,35,7,4,69,133
S1129,80,31,29,7,3,59,175
S1130,77,33,29,7,2,49,124
S1131,81,40,27,8,3,66,154
S1132,75,35,28,8,2,58,136
S1133,89,40,31,9,3,78,167
S1134,93,37,35,9,3,76,92
S1135,86,32,31,7,3,63,90
S1136,71,34,20,6,2,42,94
S1137,98,31,38,7,3,78,179
S1138,89,30,39,7,3,78,103
S1139,87,35,40,9,3,89,116
S1140,72,23,33,6,4,58,98
S1141,84,37,34,9,3,71,168
S1142,85,31,29,8,3,61,104
S1143,86,38,31,9,2,72,179
S1144,90,25,40,8,3,69,131
S1145,78,37,33,8,3,75,166
S1146,81,31,34,7,3,65,140
S1147,79,29,34,8,2,56,152
S1148,83,36,30,9,2,55,141
S1149,70,21,37,6,2,49,93
S1150,93,30,31,7,3,66,112
S1151,89,36,38,10,3,80,104
S1152,91,35,32,8,3,69,132
S1153,84,33,36,8,3,69,118
S1154,87,30,40,8,3,78,125
S1155,81,22,40,8,3,62,102
S1156,98,36,27,6,3,56,121
S1157,75,21,30,6,3,51,160
S1158,74,25,27,7,3,46,148
S1159,84,34,33,7,3,67,175
S1160,86,31,36,8,3,77,117
S1161,100,39,40,8,3,78,155
S1162,93,40,36,9,3,81,131
S1163,89,31,28,7,3,58,134
S1164,78,34,33,8,3,69,151
S1165,77,25,27,5,2,44,146
S1166,77,29,34,7,3,61,95
S1167,91,30,36,8,4,66,117
S1168,92,34,30,7,3,66,117
S1169,92,30,40,7,3,77,133
S1170,77,32,33,7,3,62,173
S1171,74,25,29,5,2,43,119
S1172,86,33,34,9,2,62,151
S1173,89,34,29,8,3,68,164
S1174,87,33,33,6,3,59,178
S1175,91,28,34,8,3,69,151
S1176,92,40,36,8,2,74,90
S1177,95,36,28,8,4,71,116
S1178,91,37,35,9,2,79,151
S1179,72,33,34,8,3,60,166
S1180,80,29,23,5,3,48,92
S1181,83,32,30,9,3,65,159
S1182,100,36,40,10,3,80,161
S1183,79,33,26,7,3,55,116
S1184,82,29,40,7,3,67,98
S1185,83,35,32,9,2,62,151
S1186,91,32,39,7,3,70,126
S1187,82,34,32,9,3,61,140
S1188,87,31,28,8,3,63,133
S1189,74,31,28,6,2,44,113
S1190,86,34,33,7,3,67,168
S1191,94,36,35,8,2,68,148
S1192,90,35,30,7,3,63,121
S1193,83,37,33,7,4,72,177
S1194,92,33,32,6,2,66,141
S1195,92,34,29,6,3,66,151
S1196,88,31,31,8,3,65,147
S1197,90,34,35,8,2,65,141
S1198,93,36,38,8,3,87,101
S1199,79,31,27,8,3,62,128
S1200,80,35,33,8,3,69,91
S1201,90,35,33,8,3,70,92
S1202,99,27,40,7,3,81,145
S1203,84,34,30,7,4,65,170
S1204,77,34,31,7,2,51,148
S1205,95,38,39,7,3,77,91
S1206,82,35,34,8,3,72,91
S1207,82,26,33,7,3,59,143
S1208,66,22,27,6,3,43,176
S1209,84,37,29,8,3,70,90
S1210,90,33,31,8,3,67,108
S1211,77,27,37,8,2,66,91
S1212,92,31,30,7,3,60,142
S1213,77,40,26,8,3,61,133
S1214,80,29,32,6,4,53,179
S1215,77,26,23,6,3,47,121
S1216,78,33,29,7,2,59,159
S1217,73,30,33,7,1,49,121
S1218,82,33,29,7,2,58,157
S1219,81,24,33,7,2,54,144
S1220,82,28,25,7,3,52,164
S1221,86,40,35,9,3,81,145
S1222,71,30,26,6,3,57,106
S1223,88,23,30,7,3,57,127
S1224,89,29,33,6,3,64,113
S1225,83,33,28,7,2,56,158
S1226,89,34,40,7,3,76,159
S1227,84,35,33,9,3,69,175
S1228,99,36,40,10,3,73,100
S1229,93,33,35,8,3,71,105
S1230,91,30,36,7,3,72,162
S1231,74,27,27,5,3,40,148
S1232,85,37,27,8,3,62,159
S1233,90,38,31,8,2,65,169
S1234,92,36,28,8,3,73,92
S1235,84,24,32,8,2,50,109
S1236,100,37,40,9,3,87,148
S1237,88,32,32,8,3,59,125
S1238,80,29,34,8,3,61,108
S1239,80,30,37,8,3,72,179
S1240,89,34,37,9,4,77,156
S1241,91,31,36,9,3,74,108
S1242,90,33,37,8,3,72,109
S1243,84,38,39,8,3,87,160
S1244,94,34,40,8,3,80,141
S1245,73,27,29,7,2,52,122
S1246,80,29,28,7,3,52,129
S1247,86,35,30,9,4,75,128
S1248,92,31,35,7,3,70,171
S1249,89,36,40,8,3,78,90
S1250,77,28,34,8,3,64,100
S1251,94,34,34,8,4,75,146
S1252,97,39,37,9,4,87,178
S1253,99,40,33,9,3,87,139
S1254,88,33,40,8,3,76,112
S1255,100,38,36,9,3,85,120
S1256,90,29,40,8,2,80,131
S1257,88,32,29,8,3,69,96
S1258,86,36,37,7,2,62,105
S1259,79,34,28,7,3,62,179
S1260,83,31,29,8,2,53,149
S1261,86,34,30,8,3,54,91
S1262,82,36,30,9,2,64,90
S1263,85,34,27,7,2,58,137
S1264,67,30,26,7,2,53,101
S1265,93,34,38,7,3,72,158
S1266,71,32,25,7,3,53,126
S1267,87,34,38,9,3,82,121
S1268,86,32,26,8,4,60,98
S1269,84,32,26,7,3,56,108
S1270,80,36,31,7,2,62,137
S1271,92,32,33,8,3,67,169
S1272,89,37,31,8,4,66,92
S1273,91,38,35,9,3,85,109
S1274,80,29,26,7,2,60,113
S1275,94,40,34,7,2,74,143
S1276,77,35,30,8,1,60,122
S1277,87,30,27,7,4,55,113
S1278,76,27,31,7,2,61,164
S1279,91,34,37,8,3,78,161
S1280,77,29,35,8,3,57,125
S1281,94,37,28,9,3,67,127
S1282,71,30,30,7,3,54,173
S1283,75,29,33,8,3,61,178
S1284,83,37,33,8,2,67,114
S1285,86,34,37,9,3,81,107
S1286,96,40,38,9,4,90,171
S1287,86,32,24,6,2,59,155
S1288,90,38,39,9,4,85,143
S1289,77,40,29,8,3,75,124
S1290,82,29,28,7,2,52,169
S1291,78,32,29,7,2,61,150
S1292,83,34,28,7,3,70,130
S1293,86,28,36,8,3,69,122
S1294,79,31,29,7,3,60,157
S1295,89,39,38,9,3,78,122
S1296,90,31,28,7,3,62,103
S1297,69,27,30,8,2,45,110
S1298,74,31,33,8,2,53,137
S1299,78,29,26,7,2,53,109
S1300,80,26,24,5,3,47,97
S1301,85,31,35,8,3,61,96
S1302,86,29,19,5,3,47,156
S1303,76,21,34,6,2,54,106
S1304,82,29,32,7,3,61,122
S1305,79,28,31,7,2,61,137
S1306,93,29,36,7,3,61,165
S1307,83,35,32,9,3,69,148
S1308,79,31,31,6,3,63,175
S1309,90,40,38,10,3,88,111
S1310,80,33,30,8,2,61,119
S1311,71,32,30,8,2,54,127
S1312,82,32,29,8,3,65,140
S1313,79,29,28,7,3,57,143
S1314,75,25,29,7,3,51,97
S1315,87,32,37,8,3,65,116
S1316,86,32,30,7,3,60,116
S1317,86,36,36,8,3,76,110
S1318,100,39,40,8,3,85,119
S1319,81,35,33,8,3,76,117
S1320,66,27,32,6,2,41,153
S1321,80,33,32,6,2,59,158
S1322,80,30,30,6,3,55,150
S1323,88,33,37,7,3,68,137
S1324,92,32,31,7,3,70,108
S1325,86,32,29,7,3,63,93
S1326,68,31,21,6,2,38,124
S1327,81,26,22,6,3,55,153
S1328,83,38,29,8,3,72,138
S1329,74,27,27,6,3,49,106
S1330,91,31,35,8,3,64,133
S1331,81,27,22,5,2,40,119
S1332,77,29,31,8,3,68,135
S1333,84,38,26,7,3,71,95
S1334,77,32,25,7,3,47,126
S1335,85,28,33,7,3,62,113
S1336,91,31,35,8,3,69,135
S1337,83,31,39,7,3,70,142
S1338,76,30,30,7,3,50,149
S1339,74,32,24,8,2,56,152
S1340,86,40,35,9,2,80,174
S1341,78,28,35,8,2,50,121
S1342,82,34,36,8,3,63,176
S1343,78,31,32,7,3,55,122
S1344,81,36,40,9,2,70,156
S1345,93,38,37,9,4,89,107
S1346,79,28,34,7,3,54,114
S1347,84,26,24,6,2,40,143
S1348,76,33,26,7,2,53,147
S1349,81,27,37,8,2,48,156
S1350,82,31,39,8,3,73,135
S1351,82,35,36,9,3,76,113
S1352,83,28,33,6,2,55,121
S1353,76,29,29,7,3,52,136
S1354,82,30,31,7,2,60,175
S1355,96,40,36,9,3,89,112
S1356,78,30,33,7,3,62,155
S1357,91,30,33,8,4,74,116
S1358,100,37,40,8,3,92,91
S1359,83,29,35,7,2,64,179
S1360,96,40,35,8,2,79,106
S1361,75,23,27,6,2,48,122
S1362,95,31,39,8,3,77,98
S1363,87,38,29,7,2,72,132
S1364,95,36,28,6,2,63,137
S1365,78,31,33,7,2,67,128
S1366,86,39,39,9,3,78,131
S1367,76,36,29,7,3,58,115
S1368,82,36,28,6,3,58,139
S1369,71,24,21,6,2,41,114
S1370,84,31,35,8,3,66,113
S1371,78,33,24,7,2,47,102
S1372,79,37,29,9,2,69,149
S1373,92,31,31,7,2,70,96
S1374,66,23,29,7,2,47,146
S1375,77,33,27,7,4,70,125
S1376,77,27,24,6,2,48,134
S1377,88,29,27,7,3,59,109
S1378,94,36,28,8,4,69,154
S1379,83,32,32,7,4,61,97
S1380,81,30,35,7,2,60,105
S1381,94,30,32,7,3,65,103
S1382,88,28,36,7,3,62,165
S1383,85,32,35,7,2,61,176
S1384,94,38,36,9,3,74,104
S1385,86,30,30,7,3,61,155
S1386,80,36,30,7,3,61,121
S1387,95,40,34,9,4,76,176
S1388,88,35,33,7,3,63,152
S1389,80,25,29,5,3,51,175
S1390,77,29,32,7,3,56,140
S1391,84,39,37,7,4,82,114
S1392,87,29,32,6,2,56,147
S1393,83,34,34,8,3,72,152
S1394,81,26,37,7,3,57,151
S1395,85,34,34,8,3,61,111
S1396,99,40,40,10,3,88,147
S1397,88,31,36,8,2,70,147
S1398,89,30,31,8,2,61,175
S1399,84,31,34,7,2,71,138
S1400,88,33,36,7,3,81,141
S1401,85,31,32,8,3,62,131
S1402,91,40,31,8,3,71,159
S1403,84,32,32,8,3,67,104
S1404,90,34,35,8,3,66,143
S1405,86,28,31,8,2,58,149
S1406,91,31,31,6,4,62,97
S1407,75,29,35,7,3,55,142
S1408,82,25,36,7,3,62,149
S1409,100,40,34,7,3,85,94
S1410,99,39,39,8,3,88,157
S1411,100,38,32,8,3,69,95
S1412,89,36,35,7,3,69,136
S1413,83,28,30,7,3,57,144
S1414,92,35,34,9,3,80,129
S1415,81,25,36,7,3,50,141
S1416,93,34,40,9,3,86,105
S1417,77,27,29,5,3,51,102
S1418,91,38,30,8,2,63,119
S1419,72,31,21,6,3,47,108
S1420,85,33,38,8,3,67,106
S1421,99,39,38,9,2,79,152
S1422,70,27,32,7,2,50,108
S1423,88,35,34,9,2,69,147
S1424,81,36,30,8,2,66,144
S1425,98,38,38,8,3,74,179
S1426,70,30,28,6,2,44,179
S1427,74,30,26,7,3,50,151
S1428,100,33,34,8,2,71,112
S1429,81,40,39,10,3,77,98
S1430,84,34,32,8,3,68,101
S1431,82,32,31,7,3,65,90
S1432,90,35,39,8,3,70,147
S1433,82,28,26,6,3,57,90
S1434,83,30,32,9,3,64,123
S1435,77,29,25,8,2,38,137
S1436,87,30,40,9,4,84,178
S1437,89,36,32,7,2,59,90
S1438,94,27,29,7,3,69,105
S1439,90,32,26,6,2,56,150
S1440,88,31,33,7,4,72,153
S1441,84,33,32,7,2,67,152
S1442,96,38,33,9,2,79,158
S1443,75,24,25,6,2,43,111
S1444,81,37,39,8,3,75,156
S1445,81,28,33,7,3,62,165
S1446,78,29,38,8,3,69,115
S1447,87,32,25,5,3,60,105
S1448,83,32,32,7,3,59,140
S1449,90,40,38,8,4,85,175
S1450,76,33,35,7,2,48,146
S1451,86,27,31,6,2,59,118
S1452,96,33,40,10,3,84,167
S1453,78,24,28,6,2,53,158
S1454,81,34,35,9,4,70,136
S1455,87,34,33,8,3,69,151
S1456,79,34,30,8,3,55,158
S1457,80,34,26,7,3,58,165
S1458,80,32,31,6,3,59,105
S1459,83,36,35,9,3,83,179
S1460,78,26,34,8,3,64,179
S1461,100,40,37,9,4,93,137
S1462,77,30,28,8,3,56,174
S1463,83,36,35,8,2,71,128
S1464,99,31,40,9,3,75,122
S1465,85,29,39,7,3,75,112
S1466,86,24,29,7,3,50,99
S1467,69,32,25,7,2,50,158
S1468,91,37,34,9,3,77,123
S1469,89,33,36,9,4,74,141
S1470,85,33,31,7,3,58,99
S1471,77,30,35,7,3,61,108
S1472,81,29,29,7,3,53,147
S1473,84,38,38,8,3,71,90
S1474,93,27,32,7,3,64,158
S1475,87,25,36,8,3,66,93
S1476,68,36,25,7,2,53,105
S1477,72,28,22,6,3,41,113
S1478,80,30,33,8,2,61,169
S1479,93,40,33,9,3,76,91
S1480,71,27,25,6,3,44,121
S1481,84,33,25,7,3,52,173
S1482,82,32,33,7,3,64,113
S1483,83,26,35,7,2,62,101
S1484,92,32,34,8,3,70,139
S1485,94,40,33,9,2,74,124
S1486,86,35,31,8,2,64,122
S1487,71,29,32,7,3,58,122
S1488,92,37,31,8,2,74,150
S1489,94,38,37,7,4,82,140
S1490,78,37,29,7,3,65,132
S1491,78,27,35,7,3,58,101
S1492,96,40,40,10,3,93,156
S1493,78,30,30,5,3,47,154
S1494,93,30,32,8,3,63,122
S1495,88,35,33,8,4,76,129
S1496,91,30,33,7,2,73,163
S1497,85,38,28,8,3,71,132
S1498,91,34,31,7,3,52,133
S1499,71,30,29,7,3,49,118
S1500,77,29,31,7,3,64,102
S1501,78,27,33,7,3,58,101
S1502,80,32,34,7,2,64,135
S1503,84,34,31,7,3,65,91
S1504,89,35,30,8,4,70,124
S1505,90,31,32,8,3,72,176
S1506,73,29,37,7,2,59,170
S1507,86,37,35,8,3,66,179
S1508,80,22,33,6,3,48,97
S1509,77,25,34,8,3,60,115
S1510,96,38,32,9,3,77,163
S1511,82,35,28,7,4,71,179
S1512,86,25,37,8,3,66,123
S1513,78,28,32,8,3,59,96
S1514,90,33,37,9,3,74,157
S1515,81,23,27,6,2,49,147
S1516,79,25,31,6,3,59,164
S1517,79,27,22,6,2,36,118
S1518,91,26,34,6,2,71,125
S1519,97,33,40,8,4,84,178
S1520,90,40,37,9,4,84,110
S1521,71,34,31,9,3,64,125
S1522,82,31,32,7,4,63,99
S1523,100,31,37,8,3,74,162
S1524,88,26,28,5,4,60,113
S1525,82,28,31,7,3,56,153
S1526,86,30,34,8,2,62,138
S1527,75,24,31,6,3,50,125
S1528,83,27,36,7,3,53,171
S1529,79,25,27,6,3,40,113
S1530,82,30,33,7,3,68,112
S1531,89,36,31,8,3,71,151
S1532,93,40,35,7,3,76,126
S1533,77,19,31,6,3,55,101
S1534,74,31,40,9,3,74,144
S1535,88,35,40,8,3,82,102
S1536,87,36,32,7,3,68,112
S1537,89,35,36,8,3,73,178
S1538,76,29,35,9,2,57,119
S1539,91,40,36,8,3,78,106
S1540,80,25,30,6,3,58,151
S1541,92,29,36,7,3,63,173
S1542,89,37,32,8,4,77,178
S1543,86,32,33,8,3,63,175
S1544,78,27,31,6,2,53,102
S1545,76,28,27,8,3,51,148
S1546,79,27,26,6,2,46,108
S1547,77,25,29,6,3,50,138
S1548,87,36,27,8,3,59,101
S1549,83,38,31,8,3,71,150
S1550,86,30,35,8,3,68,108
S1551,84,28,40,7,2,64,165
S1552,86,33,29,7,2,65,98
S1553,85,39,35,9,3,76,160
S1554,84,32,27,7,3,59,117
S1555,87,32,37,7,3,71,167
S1556,75,32,26,7,3,49,141
S1557,78,34,31,8,2,64,172
S1558,80,28,27,8,2,58,105
S1559,65,29,24,7,1,51,158
S1560,97,36,33,8,3,74,101
S1561,79,26,24,7,2,41,114
S1562,86,35,30,7,4,66,141
S1563,81,28,27,7,3,64,174
S1564,79,34,28,7,2,50,142
S1565,77,28,26,7,3,51,112
S1566,89,34,35,8,3,83,105
S1567,88,33,35,7,3,70,146
S1568,86,30,30,8,2,64,128
S1569,94,24,40,7,3,75,142
S1570,90,30,30,6,3,56,131
S1571,81,27,25,7,4,50,147
S1572,85,26,29,7,2,57,128
S1573,82,24,32,6,3,53,103
S1574,100,39,40,9,3,91,94
S1575,86,31,33,8,4,70,124
S1576,68,18,28,4,3,49,176
S1577,100,39,35,8,4,85,164
S1578,74,20,35,6,2,52,107
S1579,100,37,37,8,3,82,165
S1580,85,31,37,8,3,78,98
S1581,86,34,34,8,3,70,163
S1582,88,36,34,9,3,80,147
S1583,84,37,40,8,3,77,106
S1584,90,37,31,7,3,71,96
S1585,82,30,33,8,2,66,135
S1586,74,23,25,6,3,40,102
S1587,88,33,35,8,3,68,129
S1588,87,34,28,7,3,68,131
S1589,85,33,37,10,3,81,98
S1590,94,30,36,8,3,77,139
S1591,89,34,32,8,3,70,116
S1592,89,32,34,8,3,70,155
S1593,86,40,40,9,3,80,94
S1594,78,32,24,6,3,49,118
S1595,80,31,34,8,3,64,126
S1596,86,37,40,9,3,81,127
S1597,80,39,28,7,3,65,172
S1598,89,38,26,6,3,62,97
S1599,90,32,32,7,4,68,154
S1600,90,35,30,7,2,75,175
S1601,96,38,40,9,3,81,106
S1602,78,27,31,7,3,68,160
S1603,69,33,34,8,2,46,178
S1604,86,25,35,6,3,58,134
S1605,93,33,38,8,3,80,93
S1606,80,26,21,6,3,44,125
S1607,83,31,30,7,3,65,159
S1608,86,31,32,7,3,64,120
S1609,83,31,37,7,3,57,108
S1610,89,36,34,9,3,69,150
S1611,86,29,26,8,2,60,143
S1612,74,30,31,6,2,54,128
S1613,99,29,32,6,3,61,163
S1614,91,35,37,8,3,80,179
S1615,86,35,34,8,2,66,108
S1616,86,34,31,8,3,70,128
S1617,77,32,33,7,2,53,156
S1618,76,30,31,7,2,50,134
S1619,78,26,26,7,3,51,102
S1620,91,28,35,7,3,63,147
S1621,99,33,40,7,5,83,109
S1622,93,35,40,8,3,76,161
S1623,83,25,26,7,2,46,150
S1624,90,29,29,7,3,62,128
S1625,96,31,37,8,3,74,90
S1626,80,30,27,7,2,51,92
S1627,94,38,35,8,3,76,166
S1628,91,29,30,7,4,74,151
S1629,79,24,34,7,3,58,152
S1630,90,34,35,10,4,77,114
S1631,100,27,35,8,3,79,145
S1632,83,33,32,8,4,67,122
S1633,93,29,32,7,2,63,127
S1634,83,27,33,6,2,54,95
S1635,93,30,34,8,2,54,147
S1636,79,28,32,6,3,60,133
S1637,82,38,35,9,3,80,134
S1638,88,33,28,7,2,63,121
S1639,95,35,40,7,3,80,134
S1640,96,37,40,9,3,86,150
S1641,82,26,35,7,3,65,136
S1642,93,39,38,9,3,87,110
S1643,92,36,40,9,4,85,169
S1644,98,29,40,8,3,79,174
S1645,82,25,26,6,3,52,164
S1646,80,28,35,8,2,65,125
S1647,96,35,37,8,3,74,108
S1648,76,35,29,7,2,52,109
S1649,81,37,29,8,4,65,146
S1650,79,30,28,8,3,60,107
S1651,88,31,34,7,3,60,136
S1652,79,34,28,7,3,64,138
S1653,79,34,34,8,3,64,103
S1654,89,40,30,9,3,70,104
S1655,98,37,37,8,4,86,120
S1656,90,30,36,7,3,60,90
S1657,90,28,34,7,3,73,143
S1658,85,34,37,9,3,76,92
S1659,88,31,30,7,3,66,105
S1660,83,29,31,8,3,67,176
S1661,82,27,34,8,3,57,146
S1662,75,25,31,8,3,50,164
S1663,83,32,37,9,3,77,101
S1664,85,31,27,7,3,57,163
S1665,93,35,37,8,3,73,105
S1666,86,30,26,7,2,53,161
S1667,84,33,36,7,4,72,165
S1668,73,36,34,8,2,65,113
S1669,71,26,35,7,2,47,117
S1670,85,32,37,8,3,67,97
S1671,82,36,29,7,3,66,125
S1672,86,31,28,7,3,66,179
S1673,80,32,32,7,2,60,97
S1674,88,32,34,7,2,76,147
S1675,77,24,33,6,2,46,149
S1676,93,38,33,8,3,76,139
S1677,94,39,34,9,3,81,117
S1678,60,23,16,5,2,31,130
S1679,83,33,27,7,2,54,153
S1680,74,30,31,7,3,62,116
S1681,84,33,30,9,3,62,152
S1682,73,34,28,9,2,62,106
S1683,66,32,21,5,3,40,162
S1684,85,36,26,7,2,60,122
S1685,88,23,27,6,3,53,173
S1686,86,34,31,8,3,62,166
S1687,100,40,40,10,3,86,118
S1688,91,28,31,6,3,59,102
S1689,82,29,35,7,3,61,135
S1690,77,28,27,6,2,55,124
S1691,81,29,34,7,3,61,95
S1692,81,30,29,6,2,54,171
S1693,89,33,32,7,4,73,158
S1694,82,29,32,8,4,69,136
S1695,87,38,29,8,3,65,114
S1696,88,31,38,8,4,75,155
S1697,86,34,33,8,3,67,99
S1698,81,32,29,8,3,48,145
S1699,88,27,36,8,3,63,119
S1700,94,33,34,6,3,65,94
S1701,68,31,27,7,3,48,122
S1702,99,33,35,8,3,75,154
S1703,78,34,31,8,2,56,107
S1704,73,26,29,7,3,53,138
S1705,91,37,29,8,2,66,100
S1706,87,32,39,8,3,75,174
S1707,86,35,29,7,3,60,115
S1708,90,28,33,7,2,67,152
S1709,90,31,30,8,2,60,178
S1710,89,30,33,8,4,68,175
S1711,85,40,34,8,2,76,148
S1712,60,28,26,5,3,40,116
S1713,90,37,37,9,3,83,138
S1714,89,35,33,7,3,64,166
S1715,80,28,36,8,2,59,122
S1716,80,32,34,8,3,62,90
S1717,89,38,31,8,3,74,110
S1718,81,34,37,8,2,73,144
S1719,74,30,29,6,3,58,95
S1720,74,31,31,7,2,49,170
S1721,87,28,30,6,2,54,158
S1722,87,26,37,8,2,60,94
S1723,95,37,27,9,4,68,92
S1724,77,30,28,7,3,47,142
S1725,92,26,33,6,3,59,112
S1726,84,29,27,7,3,53,142
S1727,76,25,27,7,2,47,126
S1728,87,40,39,9,2,76,163
S1729,89,40,40,8,3,80,163
S1730,98,34,37,8,3,77,172
S1731,76,23,29,6,2,39,106
S1732,72,28,24,6,3,45,174
S1733,92,29,28,6,2,61,167
S1734,80,32,30,8,3,58,162
S1735,86,25,37,7,4,63,90
S1736,82,32,30,7,3,64,140
S1737,86,32,28,7,2,62,134
S1738,75,32,28,7,2,60,166
S1739,100,39,34,9,3,84,93
S1740,82,28,40,7,3,68,151
S1741,83,40,36,8,2,72,154
S1742,77,27,29,7,2,52,121
S1743,85,31,38,9,3,67,123
S1744,88,35,33,7,4,72,161
S1745,87,33,34,9,3,75,128
S1746,83,34,28,6,2,55,115
S1747,78,33,22,7,3,59,123
S1748,88,30,37,8,3,65,143
S1749,82,28,28,6,3,53,92
S1750,74,21,35,7,2,49,139
S1751,78,24,30,6,3,52,101
S1752,81,32,36,7,2,74,154
S1753,81,29,28,7,3,59,143
S1754,63,22,27,6,2,44,94
S1755,88,32,39,9,3,78,146
S1756,86,35,34,8,3,67,106
S1757,80,30,31,6,2,50,136
S1758,87,34,24,8,2,65,112
S1759,85,32,30,8,3,60,168
S1760,82,32,32,8,3,62,174
S1761,82,36,38,9,3,81,103
S1762,81,26,35,6,3,54,155
S1763,87,39,29,8,3,73,164
S1764,84,25,31,8,3,60,140
S1765,91,27,36,7,3,58,127
S1766,84,36,34,9,2,66,153
S1767,81,25,26,6,3,53,127
S1768,89,39,34,8,2,68,139
S1769,84,33,35,7,3,64,171
S1770,81,30,36,8,3,63,119
S1771,78,27,30,6,3,63,168
S1772,93,40,27,8,4,73,140
S1773,91,29,35,8,2,62,152
S1774,86,40,33,8,3,72,141
S1775,78,28,32,7,3,59,127
S1776,100,40,40,9,4,87,177
S1777,97,40,30,9,4,75,168
S1778,94,32,37,7,2,61,119
S1779,88,39,36,7,3,76,140
S1780,83,34,30,6,3,59,170
S1781,91,36,35,8,3,78,94
S1782,87,34,35,8,2,73,118
S1783,87,21,40,8,3,62,93
S1784,82,30,34,8,3,52,99
S1785,85,24,27,5,2,51,145
S1786,80,28,21,6,3,48,106
S1787,92,32,39,8,3,76,163
S1788,83,23,34,7,3,55,106
S1789,100,38,26,7,3,70,173
S1790,81,30,25,7,3,64,177
S1791,86,32,37,7,2,65,158
S1792,99,30,36,7,3,73,123
S1793,78,23,35,8,3,63,95
S1794,94,40,24,7,3,68,142
S1795,77,36,31,8,3,67,155
S1796,86,38,29,8,3,76,166
S1797,84,36,35,8,3,75,132
S1798,84,38,26,8,2,57,164
S1799,97,40,36,9,3,81,112
S1800,96,28,34,7,3,76,144
S1801,91,28,35,7,3,69,169
S1802,84,35,38,9,3,73,164
S1803,72,31,34,8,2,61,105
S1804,91,34,30,7,3,69,97
S1805,85,33,28,8,3,59,93
S1806,79,34,28,8,2,54,93
S1807,87,27,23,6,3,55,145
S1808,87,31,40,7,4,78,114
S1809,84,28,40,7,2,60,156
S1810,89,38,36,9,3,76,156
S1811,100,36,38,8,3,77,116
S1812,82,33,29,6,3,68,121
S1813,94,34,31,8,2,66,139
S1814,100,39,35,9,3,83,150
S1815,89,40,32,8,3,75,140
S1816,87,34,34,8,4,72,108
S1817,94,28,34,8,2,62,110
S1818,86,26,36,7,3,62,94
S1819,88,28,33,7,4,65,171
S1820,74,32,24,6,3,57,131
S1821,84,31,32,8,3,71,150
S1822,97,33,31,8,4,68,111
S1823,86,31,31,8,4,67,110
S1824,100,39,39,9,3,86,159
S1825,86,32,34,7,2,59,90
S1826,92,37,34,9,2,75,94
S1827,79,32,31,7,3,62,101
S1828,84,32,37,8,3,70,179
S1829,82,34,29,7,3,66,135
S1830,86,32,33,7,3,67,123
S1831,91,35,34,8,3,77,138
S1832,81,30,32,8,3,64,167
S1833,76,26,26,6,3,50,179
S1834,85,27,23,5,2,42,134
S1835,91,33,30,8,4,70,116
S1836,97,39,31,8,3,78,162
S1837,76,23,26,5,3,42,115
S1838,70,31,37,9,2,65,136
S1839,81,32,29,6,2,60,175
S1840,96,40,37,8,3,84,145
S1841,76,29,29,7,3,49,152
S1842,81,33,32,8,3,52,137
S1843,98,32,40,8,4,83,150
S1844,83,34,33,9,2,69,170
S1845,85,35,31,8,3,68,115
S1846,87,40,29,8,2,63,125
S1847,91,34,33,8,3,74,90
S1848,84,30,40,8,3,67,97
S1849,70,28,29,7,3,61,141
S1850,84,32,32,8,2,61,168
S1851,88,33,27,7,3,62,136
S1852,62,22,22,5,3,36,145
S1853,95,34,40,9,3,63,175
S1854,83,36,28,8,2,67,103
S1855,72,26,28,7,2,42,179
S1856,81,31,37,7,3,57,117
S1857,99,40,37,9,3,81,176
S1858,91,34,34,7,3,60,167
S1859,86,27,34,8,3,66,177
S1860,84,38,34,7,3,71,91
S1861,67,22,27,5,3,41,115
S1862,85,28,34,7,2,47,103
S1863,93,37,39,9,2,79,148
S1864,78,26,26,5,1,48,145
S1865,90,29,35,8,4,71,96
S1866,79,27,32,7,3,62,92
S1867,90,36,32,6,3,69,112
S1868,74,29,26,6,2,42,107
S1869,88,32,31,7,3,64,127
S1870,74,37,27,8,2,59,104
S1871,72,31,29,8,2,53,153
S1872,81,30,33,7,3,58,178
S1873,83,28,33,8,3,61,117
S1874,86,33,38,7,4,82,163
S1875,77,31,32,8,2,62,128
S1876,81,25,37,9,3,72,146
S1877,84,37,29,7,3,56,106
S1878,94,36,35,8,2,68,175
S1879,94,36,36,8,3,81,179
S1880,86,35,38,8,2,73,133
S1881,97,36,38,8,2,79,114
S1882,84,27,23,7,2,51,106
S1883,100,40,38,8,4,88,102
S1884,96,40,33,9,3,71,173
S1885,82,28,20,5,2,46,114
S1886,80,30,29,7,3,62,157
S1887,83,26,29,6,3,51,99
S1888,94,40,33,8,3,77,156
S1889,79,29,33,8,2,52,107
S1890,90,36,39,9,3,73,175
S1891,87,31,30,8,4,73,123
S1892,96,38,34,8,3,74,97
S1893,77,31,29,6,3,57,129
S1894,82,37,33,9,3,65,172
S1895,79,25,31,7,3,48,131
S1896,94,30,32,7,2,65,130
S1897,100,39,38,8,4,82,95
S1898,90,33,38,8,2,73,141
S1899,92,33,30,7,3,60,115
S1900,80,28,32,8,3,62,153
S1901,95,36,30,8,3,76,148
S1902,78,27,33,7,2,51,145
S1903,85,28,38,8,3,68,148
S1904,80,30,35,7,3,63,159
S1905,83,21,29,6,2,54,122
S1906,89,29,35,7,3,78,142
S1907,96,37,31,7,4,71,111
S1908,76,32,35,9,2,69,110
S1909,79,29,37,8,3,61,159
S1910,87,31,29,7,2,53,159
S1911,84,28,32,8,3,67,93
S1912,88,34,33,8,2,69,164
S1913,79,29,35,8,3,59,151
S1914,81,25,26,6,3,48,151
S1915,77,34,35,9,4,72,113
S1916,89,39,34,8,3,80,144
S1917,81,37,36,10,3,76,98
S1918,90,37,29,8,4,72,92
S1919,91,34,32,8,3,71,120
S1920,87,34,31,7,3,63,129
S1921,95,31,31,7,3,63,125
S1922,91,25,34,6,4,69,113
S1923,96,32,40,9,4,74,95
S1924,79,19,30,7,2,43,155
S1925,93,34,29,8,2,69,173
S1926,88,33,36,8,2,66,164
S1927,84,39,39,9,4,77,93
S1928,99,36,38,9,3,87,168
S1929,79,23,31,7,3,57,95
S1930,85,30,32,7,3,63,140
S1931,87,32,21,6,2,55,151
S1932,83,35,33,8,3,66,146
S1933,92,36,30,8,3,72,155
S1934,98,40,36,8,4,90,168
S1935,94,36,30,7,3,68,164
S1936,76,31,30,8,4,56,97
S1937,79,26,27,6,3,44,115
S1938,93,35,40,8,3,75,140
S1939,78,32,32,7,3,65,134
S1940,84,35,31,8,2,62,133
S1941,77,26,24,7,2,45,94
S1942,69,31,28,7,3,54,159
S1943,71,31,33,8,3,59,115
S1944,79,30,34,7,3,65,157
S1945,90,32,27,7,2,54,108
S1946,86,33,30,8,3,68,173
S1947,87,31,33,9,3,68,109
S1948,88,35,35,9,3,76,101
S1949,84,29,33,8,2,66,136
S1950,94,31,40,8,3,70,90
S1951,86,26,35,6,3,58,179
S1952,86,38,33,8,4,83,103
S1953,98,35,33,8,3,77,153
S1954,82,35,31,7,3,71,127
S1955,87,23,35,7,3,56,126
S1956,87,34,34,8,2,63,100
S1957,96,34,26,8,3,65,166
S1958,94,34,32,6,3,75,92
S1959,76,40,21,7,3,55,122
S1960,78,18,30,6,3,49,95
S1961,86,40,35,7,3,73,139
S1962,86,36,21,7,2,61,99
S1963,100,29,40,8,2,82,94
S1964,90,38,40,8,3,82,112
S1965,85,35,34,8,3,68,99
S1966,90,35,36,7,4,78,133
S1967,74,26,30,6,2,50,91
S1968,88,28,32,6,3,53,102
S1969,90,30,35,7,3,68,129
S1970,68,25,28,6,2,45,91
S1971,78,36,26,7,3,60,173
S1972,84,30,36,8,3,67,154
S1973,77,32,26,6,2,52,152
S1974,84,39,29,8,2,64,162
S1975,85,32,38,10,3,68,106
S1976,74,29,31,8,2,56,98
S1977,85,34,25,6,2,60,164
S1978,89,36,35,9,3,69,104
S1979,97,35,40,8,2,71,113
S1980,73,33,30,7,3,58,127
S1981,77,31,36,8,2,63,124
S1982,89,32,34,7,3,59,138
S1983,100,33,34,8,3,70,158
S1984,81,36,35,9,2,79,151
S1985,86,33,34,8,4,74,149
S1986,81,32,33,8,3,62,139
S1987,68,26,25,5,2,46,167
S1988,77,29,36,7,4,63,164
S1989,91,29,40,8,2,71,98
S1990,83,30,24,7,3,54,123
S1991,82,35,29,8,3,71,165
S1992,84,29,28,7,3,65,124
S1993,81,30,28,6,1,52,90
S1994,72,23,28,7,2,41,129
S1995,75,30,27,7,2,51,153
S1996,83,32,38,8,3,66,111
S1997,82,32,31,8,3,71,149
S1998,72,27,23,6,2,43,153
S1999,90,30,33,7,3,70,161
S2000,92,37,33,8,2,70,100
S2001,92,35,32,8,3,77,103
S2002,86,33,35,9,2,66,149
S2003,94,40,40,10,3,84,119
S2004,82,21,26,6,2,44,124
S2005,75,28,30,8,3,55,174
S2006,77,37,37,9,3,66,126
S2007,100,40,40,8,3,100,94
S2008,81,31,32,8,3,59,172
S2009,76,29,34,8,3,61,167
S2010,85,28,33,8,3,67,115
S2011,94,33,33,9,3,70,151
S2012,89,40,29,8,3,68,93
S2013,85,31,33,6,3,67,178
S2014,92,34,27,6,2,58,131
S2015,85,30,35,8,3,67,178
S2016,76,26,21,7,2,48,107
S2017,78,36,28,8,3,63,129
S2018,91,31,35,7,3,71,161
S2019,74,38,28,8,4,65,128
S2020,81,25,30,7,3,58,103
S2021,90,30,39,8,3,72,121
S2022,80,32,35,8,2,53,140
S2023,94,38,32,8,3,73,127
S2024,80,29,32,5,3,50,112
S2025,79,30,26,7,3,53,152
S2026,96,37,32,8,2,76,104
S2027,74,30,27,7,2,43,114
S2028,65,23,25,6,2,38,106
S2029,78,34,33,7,3,70,155
S2030,85,33,34,8,4,72,167
S2031,85,27,28,6,2,53,142
S2032,92,34,38,8,2,74,140
S2033,85,35,40,9,4,86,128
S2034,76,27,32,7,3,57,140
S2035,82,28,40,7,3,69,159
S2036,77,35,27,7,3,67,95
S2037,79,37,30,8,3,67,156
S2038,91,39,31,8,3,82,96
S2039,85,32,28,7,3,58,140
S2040,86,33,39,8,3,77,161
S2041,98,40,30,7,3,73,131
S2042,87,31,33,8,3,64,153
S2043,76,21,29,5,3,41,104
S2044,79,39,29,8,3,63,118
S2045,85,30,32,7,4,62,122
S2046,73,29,28,6,2,50,116
S2047,94,34,33,6,3,70,125
S2048,79,31,27,8,3,68,118
S2049,75,28,26,5,3,51,127
S2050,86,39,26,7,3,63,146
S2051,99,33,33,7,2,69,116
S2052,89,31,38,9,2,69,144
S2053,94,37,35,8,3,82,122
S2054,86,30,30,8,3,58,157
S2055,82,35,29,7,3,66,175
S2056,84,22,34,6,3,52,155
S2057,87,39,28,8,3,82,99
S2058,90,36,35,8,3,76,94
S2059,77,25,28,6,2,42,163
S2060,80,34,33,7,3,63,127
S2061,93,35,36,9,3,81,102
S2062,99,36,40,9,2,85,120
S2063,99,40,40,9,4,94,136
S2064,100,32,35,8,3,75,177
S2065,96,32,40,8,3,76,141
S2066,68,22,26,5,1,39,145
S2067,94,30,40,7,3,68,104
S2068,78,34,30,7,3,65,118
S2069,90,27,21,6,3,51,97
S2070,77,30,33,7,3,60,94
S2071,88,24,37,6,2,56,118
S2072,89,37,39,10,3,89,136
S2073,91,30,36,9,3,73,157
S2074,74,25,28,6,3,38,165
S2075,90,39,33,8,3,71,134
S2076,89,36,39,9,3,85,91
S2077,78,29,23,7,2,53,116
S2078,100,32,37,7,3,78,125
S2079,88,35,36,8,4,83,125
S2080,80,35,33,6,4,58,115
S2081,83,25,29,6,3,58,132
S2082,91,37,40,10,4,86,116
S2083,76,32,23,6,2,49,158
S2084,74,36,29,7,2,54,109
S2085,88,30,33,7,3,67,100
S2086,76,30,30,7,3,48,163
S2087,100,37,40,10,3,86,127
S2088,92,30,29,9,3,65,95
S2089,93,32,35,6,2,66,161
S2090,94,36,38,7,3,79,112
S2091,86,32,32,7,2,61,136
S2092,78,29,34,8,3,64,179
S2093,80,34,25,6,3,56,135
S2094,92,36,33,7,3,72,101
S2095,80,25,39,7,3,61,179
S2096,75,28,24,5,2,37,102
S2097,92,40,40,8,2,75,151
S2098,98,39,33,7,3,78,171
S2099,75,27,25,6,4,45,178
S2100,90,32,32,7,3,63,149
S2101,87,29,26,7,3,50,132
S2102,91,37,29,7,3,71,165
S2103,87,36,30,9,3,70,157
S2104,89,34,39,9,3,73,94
S2105,87,32,32,8,2,64,126
S2106,95,38,40,10,3,81,161
S2107,89,29,38,9,3,75,120
S2108,82,33,25,6,4,59,98
S2109,69,27,25,6,2,42,140
S2110,88,36,34,8,3,76,118
S2111,81,24,30,6,3,54,167
S2112,78,33,30,7,3,66,129
S2113,80,32,29,8,3,53,130
S2114,89,32,39,8,3,72,175
S2115,98,37,33,8,4,74,100
S2116,97,30,32,8,3,63,112
S2117,99,37,40,8,3,79,90
S2118,88,40,34,8,3,68,135
S2119,81,35,28,8,2,58,110
S2120,82,31,33,7,3,66,179
S2121,83,29,32,6,3,55,125
S2122,90,29,34,8,2,66,143
S2123,84,37,32,8,2,61,176
S2124,85,27,40,7,3,66,146
S2125,87,32,39,8,3,70,90
S2126,85,33,35,9,4,81,152
S2127,71,22,33,7,2,40,143
S2128,89,38,31,7,3,61,144
S2129,92,36,31,8,3,65,129
S2130,89,33,39,8,3,70,104
S2131,86,27,22,7,2,51,110
S2132,71,28,26,6,3,49,136
S2133,100,37,35,9,3,79,162
S2134,76,33,30,6,2,55,142
S2135,81,39,29,8,3,72,98
S2136,82,27,39,7,4,77,163
S2137,95,34,34,8,4,76,141
S2138,85,32,39,8,2,66,146
S2139,84,30,21,7,2,53,115
S2140,83,32,34,8,3,63,130
S2141,83,28,27,6,3,55,124
S2142,88,36,30,8,3,60,152
S2143,86,37,29,8,3,69,114
S2144,85,33,24,8,3,67,179
S2145,97,34,40,8,4,86,164
S2146,84,31,39,8,3,69,127
S2147,100,33,30,8,3,68,91
S2148,78,29,36,8,3,68,96
S2149,78,31,35,9,3,66,171
S2150,100,40,39,9,3,89,123
S2151,85,30,28,7,3,63,106
S2152,93,31,35,8,3,68,132
S2153,76,34,37,8,3,65,148
S2154,86,33,34,8,2,60,140
S2155,83,40,30,8,3,69,143
S2156,84,32,32,8,3,72,113
S2157,93,40,35,8,2,76,114
S2158,85,39,30,8,3,61,160
S2159,86,32,31,8,3,68,141
S2160,92,30,35,7,3,76,159
S2161,86,34,40,9,2,78,177
S2162,100,40,37,8,4,82,122
S2163,92,37,31,8,2,67,138
S2164,84,28,31,7,2,53,118
S2165,93,32,40,9,3,75,152
S2166,93,31,31,7,3,67,111
S2167,84,36,32,8,2,69,115
S2168,85,27,32,7,3,65,117
S2169,94,37,36,8,3,74,174
S2170,84,27,29,6,2,53,138
S2171,76,28,26,6,2,48,160
S2172,85,27,32,7,2,52,170
S2173,81,28,31,7,3,60,173
S2174,95,34,40,7,4,81,138
S2175,93,33,37,7,3,76,109
S2176,88,40,40,10,3,90,175
S2177,73,23,26,6,2,41,152
S2178,82,35,33,9,3,72,150
S2179,86,36,35,7,3,66,138
S2180,83,37,38,8,4,82,160
S2181,86,32,29,6,2,59,90
S2182,73,30,23,7,3,49,102
S2183,100,40,28,7,3,83,176
S2184,95,36,40,10,3,81,140
S2185,84,31,30,6,3,66,145
S2186,100,37,38,7,3,75,172
S2187,78,32,34,8,3,65,151
S2188,90,36,29,8,2,69,121
S2189,83,36,22,8,3,51,119
S2190,97,34,34,8,3,71,118
S2191,91,34,28,9,2,65,138
S2192,97,40,33,9,2,70,134
S2193,87,25,40,7,3,66,119
S2194,68,21,26,5,1,26,105
S2195,85,33,35,9,3,72,129
S2196,87,37,33,8,4,76,108
S2197,81,32,35,8,3,72,107
S2198,78,36,33,9,3,54,90
S2199,95,34,34,8,2,68,167
S2200,94,32,39,8,3,74,136
S2201,77,28,26,7,3,43,155
S2202,73,30,28,6,3,54,127
S2203,91,36,37,8,3,68,140
S2204,82,26,28,5,2,43,152
S2205,70,19,21,6,2,32,93
S2206,73,30,35,7,3,60,90
S2207,85,39,24,8,3,66,97
S2208,93,35,32,9,3,72,118
S2209,73,33,35,7,3,61,144
S2210,86,32,27,6,2,56,92
S2211,100,33,39,8,3,77,121
S2212,69,33,26,8,3,62,99
S2213,75,29,26,6,2,48,163
S2214,78,26,27,6,3,51,172
S2215,75,26,31,7,2,46,123
S2216,100,40,36,8,3,91,176
S2217,83,27,34,7,2,58,144
S2218,84,27,34,8,2,58,121
S2219,86,29,35,8,3,67,139
S2220,60,23,34,8,2,48,96
S2221,77,27,28,8,3,50,97
S2222,97,40,35,9,3,78,154
S2223,94,37,34,8,3,73,146
S2224,82,25,29,6,3,52,156
S2225,77,21,31,8,3,59,177
S2226,81,37,33,8,3,68,176
S2227,93,28,31,6,3,62,148
S2228,87,24,35,7,3,56,161
S2229,93,34,35,8,3,77,143
S2230,77,31,39,7,3,62,156
S2231,84,26,28,6,2,59,140
S2232,97,37,35,9,3,82,97
S2233,78,27,38,8,1,56,123
S2234,72,28,32,7,3,55,124
S2235,95,38,38,8,3,84,177
S2236,86,35,31,8,3,66,167
S2237,87,31,32,8,3,70,121
S2238,75,29,28,6,2,47,135
S2239,78,32,26,6,3,55,105
S2240,83,37,30,7,3,64,157
S2241,76,30,33,8,3,61,126
S2242,95,40,37,9,3,76,143
S2243,99,33,37,9,3,76,174
S2244,91,38,32,8,2,66,103
S2245,79,32,36,8,3,66,144
S2246,88,40,34,9,3,82,137
S2247,73,27,33,6,3,51,171
S2248,91,28,29,7,3,62,96
S2249,88,34,29,6,2,65,163
S2250,82,29,28,7,2,51,96
S2251,90,36,34,7,3,69,122
S2252,81,25,33,6,3,60,112
S2253,87,32,33,8,2,64,174
S2254,100,36,37,7,4,88,108
S2255,99,39,34,8,4,93,108
S2256,85,35,24,7,2,59,125
S2257,81,29,32,8,2,59,118
S2258,84,30,36,7,3,66,149
S2259,80,28,31,7,2,58,171
S2260,83,33,32,8,3,78,91
S2261,76,31,25,7,2,49,90
S2262,87,30,25,6,3,54,136
S2263,88,32,35,7,4,75,158
S2264,75,32,38,7,3,63,109
S2265,87,30,38,8,3,67,100
S2266,85,28,40,7,4,74,91
S2267,86,34,33,8,2,73,156
S2268,88,30,40,8,3,86,176
S2269,89,33,31,8,2,55,101
S2270,94,34,40,9,4,81,109
S2271,97,28,40,7,4,77,94
S2272,93,35,35,8,4,74,126
S2273,84,35,40,9,3,82,127
S2274,81,25,36,7,2,61,98
S2275,88,28,31,8,3,64,142
S2276,89,30,31,7,2,68,133
S2277,84,28,29,8,3,66,175
S2278,99,33,36,9,3,71,113
S2279,84,30,28,6,3,62,170
S2280,91,38,36,9,3,80,163
S2281,87,33,29,7,3,63,119
S2282,84,27,32,6,2,53,148
S2283,78,30,33,8,2,62,176
S2284,81,32,32,7,3,62,170
S2285,95,34,36,8,3,68,170
S2286,72,28,25,5,3,43,103
S2287,87,31,40,7,2,69,98
S2288,86,34,31,8,3,67,129
S2289,70,23,24,6,3,37,155
S2290,77,23,31,6,3,45,114
S2291,91,33,32,9,3,70,162
S2292,86,31,36,7,3,69,111
S2293,93,29,39,8,2,74,93
S2294,80,28,35,6,3,68,115
S2295,89,33,40,8,5,85,147
S2296,83,37,33,8,3,71,118
S2297,75,28,26,7,3,54,176
S2298,72,31,29,6,3,54,126
S2299,90,39,35,9,3,75,164
S2300,75,33,27,6,2,58,159
S2301,79,29,31,6,3,56,107
S2302,86,37,23,7,2,53,174
S2303,69,30,25,7,2,50,131
S2304,73,32,29,8,3,48,130
S2305,75,28,23,7,4,50,127
S2306,84,36,27,8,2,63,123
S2307,96,37,34,9,3,76,106
S2308,88,36,32,7,2,67,126
S2309,87,30,39,8,3,77,114
S2310,89,29,36,8,3,66,165
S2311,100,40,32,10,4,84,176
S2312,75,27,28,6,2,49,175
S2313,90,35,34,8,4,78,174
S2314,86,40,38,9,3,80,116
S2315,93,36,36,9,3,83,146
S2316,92,38,32,8,3,74,120
S2317,94,39,40,9,2,81,95
S2318,86,33,32,7,3,67,129
S2319,85,37,29,7,3,75,101
S2320,85,35,35,7,3,69,142
S2321,92,38,35,8,4,80,160
S2322,79,34,33,8,3,65,99
S2323,87,30,35,9,3,64,134
S2324,82,34,34,7,3,69,106
S2325,85,26,37,6,3,51,115
S2326,85,36,26,6,3,60,174
S2327,90,35,37,8,3,78,151
S2328,82,26,27,7,3,49,135
S2329,82,32,30,8,4,69,153
S2330,90,33,35,9,2,71,91
S2331,74,33,32,6,2,58,143
S2332,89,35,39,9,2,76,154
S2333,88,31,35,6,3,61,140
S2334,95,37,36,9,3,81,142
S2335,86,29,34,7,3,63,125
S2336,79,35,37,8,2,64,115
S2337,100,35,35,8,4,82,118
S2338,94,39,39,8,3,78,110
S2339,90,29,31,7,3,58,100
S2340,85,22,37,7,3,58,129
S2341,93,33,34,8,2,65,100
S2342,77,33,27,7,3,62,125
S2343,83,29,26,5,2,52,148
S2344,83,30,33,9,2,68,128
S2345,81,27,38,6,3,59,143
S2346,98,35,40,8,2,69,144
S2347,82,28,37,7,3,62,113
S2348,79,30,34,8,2,66,111
S2349,96,40,37,9,4,85,158
S2350,88,31,36,8,3,65,145
S2351,79,25,26,7,3,53,122
S2352,82,24,33,6,3,55,125
S2353,93,40,40,8,3,84,109
S2354,85,37,31,7,3,71,172
S2355,83,33,36,9,3,68,170
S2356,84,37,37,9,3,79,151
S2357,100,32,40,8,3,84,162
S2358,100,33,40,10,3,81,115
S2359,85,34,36,10,2,68,155
S2360,83,37,35,9,3,64,162
S2361,81,40,32,8,2,63,162
S2362,72,27,24,6,2,45,129
S2363,76,36,26,8,3,51,106
S2364,81,32,31,7,2,55,90
S2365,82,33,32,8,2,59,178
S2366,80,33,32,8,3,66,150
S2367,73,27,32,7,2,56,132
S2368,100,33,35,8,4,76,131
S2369,98,37,33,8,2,82,114
S2370,70,32,29,8,2,46,128
S2371,100,34,40,8,4,81,124
S2372,80,37,33,9,3,71,92
S2373,94,40,40,9,4,89,133
S2374,99,38,37,8,3,78,140
S2375,82,33,24,8,2,61,101
S2376,91,38,37,9,4,79,108
S2377,100,38,36,9,2,75,133
S2378,84,30,37,8,3,62,148
S2379,87,26,40,8,2,68,138
S2380,62,33,23,6,2,42,150
S2381,84,26,32,7,3,59,106
S2382,85,33,33,8,3,74,163
S2383,87,40,32,8,3,70,146
S2384,79,29,29,7,2,52,144
S2385,83,35,36,8,3,71,136
S2386,88,38,35,8,4,77,101
S2387,87,38,25,8,2,66,151
S2388,98,25,35,7,4,68,169
S2389,67,20,28,6,2,37,177
S2390,75,30,24,6,3,52,172
S2391,83,34,30,7,2,68,97
S2392,100,37,35,9,2,77,110
S2393,90,29,35,8,2,71,170
S2394,89,34,32,8,3,66,176
S2395,75,35,25,7,3,59,169
S2396,89,36,32,8,3,69,159
S2397,93,39,40,9,2,77,161
S2398,87,37,30,7,3,69,114
S2399,84,33,40,8,3,71,171
S2400,72,26,24,7,2,39,178
S2401,78,28,23,6,2,47,101
S2402,100,37,39,9,4,84,104
S2403,97,40,40,9,4,90,148
S2404,72,25,33,7,2,51,115
S2405,84,37,31,8,4,67,115
S2406,78,40,34,9,3,68,136
S2407,82,31,28,7,3,56,121
S2408,77,28,33,8,3,56,99
S2409,95,34,35,7,3,74,105
S2410,87,37,35,8,3,75,160
S2411,93,37,40,8,3,80,106
S2412,88,40,40,8,2,81,112
S2413,81,29,30,7,2,47,115
S2414,82,35,31,8,2,61,174
S2415,80,29,31,7,4,59,175
S2416,80,29,26,6,2,50,96
S2417,80,25,38,6,3,61,103
S2418,93,37,35,10,4,79,168
S2419,79,33,32,7,4,61,96
S2420,84,33,30,8,3,68,98
S2421,93,40,28,9,2,66,137
S2422,86,37,35,7,3,72,161
S2423,69,28,31,7,3,54,148
S2424,76,29,25,6,2,43,176
S2425,88,34,40,9,4,82,171
S2426,85,36,36,8,3,75,128
S2427,82,35,26,7,3,61,107
S2428,87,19,31,6,3,58,148
S2429,90,25,32,7,3,66,106
S2430,89,36,31,8,3,73,103
S2431,75,35,27,7,3,58,120
S2432,76,28,31,9,3,62,113
S2433,94,36,28,8,3,75,149
S2434,88,29,34,8,3,62,134
S2435,89,31,30,7,4,66,92
S2436,80,36,33,10,3,65,126
S2437,86,33,37,7,4,70,132
S2438,91,37,40,9,3,78,129
S2439,80,29,30,7,3,61,179
S2440,71,33,27,8,2,53,144
S2441,91,34,31,8,3,63,176
S2442,81,34,37,8,3,70,128
S2443,80,31,29,7,3,62,104
S2444,94,34,37,7,4,78,93
S2445,81,35,30,8,2,71,175
S2446,85,28,30,5,3,52,114
S2447,100,40,34,9,2,82,102
S2448,76,35,31,7,3,65,171
S2449,92,32,38,9,3,74,122
S2450,85,30,39,9,3,73,105
S2451,82,28,34,6,3,63,131
S2452,83,31,38,6,3,68,155
S2453,70,30,26,6,2,47,144
S2454,83,33,31,8,2,65,131
S2455,65,23,33,8,2,47,123
S2456,86,24,38,8,3,60,119
S2457,85,35,38,8,3,72,102
S2458,89,35,33,8,3,66,102
S2459,84,37,32,8,4,71,107
S2460,86,37,38,8,4,85,121
S2461,93,31,33,7,2,72,128
S2462,82,31,26,7,2,43,135
S2463,76,30,30,7,2,50,118
S2464,79,25,30,7,3,54,151
S2465,88,34,40,8,3,77,151
S2466,78,33,27,8,2,61,146
S2467,79,35,26,7,2,52,105
S2468,97,38,37,9,3,84,145
S2469,77,24,31,7,2,48,99
S2470,90,37,35,8,3,76,119
S2471,86,36,28,7,3,65,114
S2472,82,35,29,7,3,63,173
S2473,100,31,40,9,3,75,94
S2474,91,34,38,9,3,73,154
S2475,86,34,38,8,3,75,138
S2476,85,38,32,8,3,70,92
S2477,97,33,40,9,3,80,134
S2478,91,36,32,8,3,68,103
S2479,85,40,36,8,3,73,119
S2480,74,33,30,6,3,57,157
S2481,80,32,39,8,3,69,107
S2482,87,37,32,8,3,74,151
S2483,91,36,33,8,3,62,126
S2484,92,36,29,7,3,62,114
S2485,77,28,27,6,2,50,137
S2486,89,28,33,6,4,60,154
S2487,75,34,29,8,2,61,142
S2488,79,31,25,6,3,46,168
S2489,91,32,32,8,3,64,162
S2490,79,31,29,7,3,56,104
S2491,95,37,26,7,3,64,138
S2492,86,35,26,7,3,63,177
S2493,76,32,25,6,3,65,157
S2494,79,28,28,6,3,52,101
S2495,84,29,27,7,3,60,148
S2496,77,28,36,7,3,64,126
S2497,92,31,35,7,3,60,150
S2498,88,37,39,8,3,69,132
S2499,88,30,33,8,2,63,159
S2500,98,36,29,8,3,70,128
S2501,89,29,36,7,2,60,145
S2502,88,23,39,9,2,64,152
S2503,80,32,37,8,3,72,135
S2504,89,40,40,9,2,80,177
S2505,83,31,30,7,3,60,100
S2506,88,35,34,8,5,78,151
S2507,86,35,36,8,2,78,166
S2508,86,33,30,8,3,60,114
S2509,86,25,26,6,3,50,160
S2510,82,32,34,8,3,73,141
S2511,77,31,31,7,3,66,93
S2512,90,34,31,7,2,62,148
S2513,81,30,34,7,3,56,161
S2514,91,34,38,9,3,74,109
S2515,82,26,37,8,3,66,152
S2516,81,29,36,8,4,78,143
S2517,89,39,35,7,3,67,163
S2518,80,28,32,8,2,55,146
S2519,81,33,30,7,3,62,179
S2520,90,32,36,7,3,68,130
S2521,74,30,31,7,3,59,92
S2522,83,33,34,7,3,58,95
S2523,82,30,31,6,3,53,94
S2524,74,29,28,6,3,64,94
S2525,89,33,29,7,3,70,143
S2526,92,35,38,8,2,84,136
S2527,80,20,26,7,1,47,176
S2528,87,40,32,9,3,75,138
S2529,85,27,34,9,3,57,98
S2530,85,35,31,7,3,66,109
S2531,91,27,36,8,3,71,150
S2532,90,28,32,6,3,53,124
S2533,76,30,32,9,3,62,139
S2534,86,33,32,8,4,67,171
S2535,84,33,24,6,3,54,151
S2536,94,32,37,9,3,76,106
S2537,84,25,26,5,3,42,177
S2538,85,32,36,8,2,66,92
S2539,82,32,34,8,2,64,121
S2540,82,30,32,8,3,59,102
S2541,63,22,34,6,3,48,178
S2542,85,37,33,8,3,67,162
S2543,78,27,32,6,3,58,157
S2544,81,32,28,7,2,59,103
S2545,100,40,33,8,3,81,100
S2546,81,35,38,8,3,77,145
S2547,94,39,33,9,3,81,156
S2548,81,27,36,8,2,64,118
S2549,70,34,27,7,3,57,98
S2550,80,27,34,8,3,65,156
S2551,92,33,40,9,4,91,114
S2552,82,30,24,7,4,61,165
S2553,86,27,38,6,2,59,131
S2554,88,27,40,7,2,70,98
S2555,87,39,39,9,3,81,168
S2556,95,36,40,8,2,75,129
S2557,86,35,37,8,3,80,114
S2558,92,37,33,9,2,63,94
S2559,95,40,36,9,4,81,100
S2560,91,39,34,8,3,83,148
S2561,72,26,29,6,2,47,177
S2562,83,32,36,8,3,67,168
S2563,85,35,32,9,3,64,127
S2564,52,20,21,5,1,25,161
S2565,88,27,36,8,2,64,94
S2566,74,35,28,8,2,56,137
S2567,99,37,40,9,3,83,179
S2568,71,25,29,7,3,54,107
S2569,86,30,29,7,3,61,159
S2570,62,25,24,7,2,38,126
S2571,91,30,35,7,2,67,149
S2572,77,26,26,6,3,49,137
S2573,87,32,34,8,3,63,166
S2574,70,27,24,7,3,47,117
S2575,79,29,30,7,2,54,158
S2576,93,39,31,7,3,72,166
S2577,86,33,30,7,4,62,170
S2578,79,25,26,6,3,47,129
S2579,90,28,35,7,3,62,134
S2580,82,24,31,6,3,47,151
S2581,96,34,40,9,4,81,147
S2582,91,31,35,8,3,67,156
S2583,97,40,34,8,3,80,145
S2584,80,33,33,8,3,67,129
S2585,100,37,40,9,3,76,129
S2586,76,34,35,8,2,66,166
S2587,69,21,24,7,1,36,122
S2588,98,38,34,7,3,75,95
S2589,87,39,40,8,3,80,177
S2590,77,32,27,6,2,63,108
S2591,100,33,38,7,3,77,169
S2592,80,38,31,8,3,65,129
S2593,85,30,30,8,3,63,148
S2594,89,33,40,9,3,74,148
S2595,77,29,30,8,3,58,137
S2596,90,36,29,8,3,76,130
S2597,78,31,31,6,3,49,102
S2598,78,29,31,6,2,48,134
S2599,97,33,40,9,3,78,178
S2600,97,30,40,8,3,72,142
S2601,85,31,35,7,3,75,131
S2602,76,35,37,8,3,67,152
S2603,69,28,30,6,3,43,116
S2604,83,26,33,7,3,59,127
S2605,89,32,35,7,3,74,149
S2606,86,37,25,8,3,58,96
S2607,79,33,26,8,2,47,94
S2608,96,37,38,10,3,82,134
S2609,90,33,33,8,2,69,147
S2610,86,28,31,7,3,58,120
S2611,81,33,33,9,2,67,112
S2612,77,30,37,8,3,65,131
S2613,83,30,38,8,2,61,99
S2614,72,26,21,6,3,34,121
S2615,97,36,40,8,4,84,142
S2616,81,29,29,7,3,63,119
S2617,86,30,36,9,4,72,128
S2618,70,21,22,7,4,38,120
S2619,88,40,34,8,3,72,171
S2620,92,27,37,8,3,73,91
S2621,100,40,40,9,3,87,167
S2622,95,40,37,9,2,80,166
S2623,87,34,31,8,3,72,101
S2624,81,35,34,8,2,75,128
S2625,81,30,23,7,2,53,155
S2626,87,30,31,7,3,64,102
S2627,79,25,37,7,2,62,135
S2628,77,27,35,7,3,59,116
S2629,85,30,39,8,3,70,106
S2630,82,32,39,7,3,73,149
S2631,91,34,40,8,4,79,153
S2632,75,35,35,9,3,74,177
S2633,78,32,27,7,3,58,124
S2634,85,32,32,8,3,70,159
S2635,78,22,30,6,3,51,172
S2636,82,32,35,7,3,67,119
S2637,75,29,31,7,4,61,160
S2638,78,26,27,6,2,50,163
S2639,94,28,39,7,3,65,152
S2640,95,32,35,8,3,75,117
S2641,83,36,33,7,3,63,149
S2642,95,34,39,8,3,80,168
S2643,83,31,30,8,2,59,126
S2644,79,21,35,7,3,50,111
S2645,95,35,32,8,2,72,157
S2646,100,40,39,8,2,82,109
S2647,100,40,40,8,3,88,157
S2648,100,40,36,9,4,84,153
S2649,72,29,27,7,2,49,106
S2650,95,35,40,9,3,87,101
S2651,93,28,40,7,3,72,111
S2652,79,32,34,9,3,65,106
S2653,92,40,36,9,3,83,99
S2654,90,35,40,8,3,74,154
S2655,71,29,29,7,3,50,111
S2656,79,29,39,8,3,60,179
S2657,76,34,38,8,2,62,171
S2658,100,37,40,9,3,83,139
S2659,100,39,39,9,4,88,103
S2660,96,38,29,8,3,74,153
S2661,100,32,35,8,4,78,136
S2662,87,36,29,9,3,58,118
S2663,88,31,36,8,4,65,165
S2664,85,26,35,8,3,71,125
S2665,84,30,30,7,3,57,141
S2666,92,35,37,10,3,85,165
S2667,70,23,40,7,2,50,96
S2668,71,33,37,8,3,66,118
S2669,82,31,31,8,3,65,100
S2670,79,27,30,7,2,42,122
S2671,69,21,31,6,3,42,95
S2672,98,34,40,7,4,82,168
S2673,100,40,40,9,3,82,121
S2674,95,34,27,7,3,63,140
S2675,84,33,34,7,3,61,164
S2676,90,32,37,9,3,74,147
S2677,86,26,31,7,3,56,176
S2678,83,28,26,7,3,53,115
S2679,73,26,30,6,3,51,135
S2680,82,40,38,9,3,80,118
S2681,88,40,31,8,3,77,93
S2682,80,32,29,7,4,68,170
S2683,89,29,31,6,3,67,102
S2684,90,24,31,7,2,53,128
S2685,81,27,31,7,2,47,104
S2686,83,30,33,7,3,63,118
S2687,72,36,31,8,2,64,118
S2688,88,28,32,8,2,58,164
S2689,81,28,29,7,3,62,121
S2690,81,29,27,6,3,44,91
S2691,98,34,40,8,3,83,136
S2692,78,36,30,8,3,63,167
S2693,97,34,33,8,3,64,173
S2694,95,37,40,9,3,73,111
S2695,87,38,30,7,3,61,164
S2696,91,34,34,8,3,82,116
S2697,85,30,28,8,3,57,156
S2698,85,37,29,8,3,77,170
S2699,100,35,39,8,3,83,145
S2700,87,30,33,7,2,63,110
S2701,87,30,33,7,3,69,136
S2702,81,32,37,8,3,62,169
S2703,86,38,29,8,3,72,148
S2704,79,28,29,7,3,59,173
S2705,81,31,26,6,3,54,95
S2706,87,37,27,7,3,68,108
S2707,84,30,27,7,2,52,146
S2708,83,37,28,8,3,63,158
S2709,78,33,33,7,3,74,92
S2710,88,36,34,8,3,74,90
S2711,85,32,32,8,2,53,147
S2712,82,28,36,7,2,65,127
S2713,89,33,27,7,3,64,104
S2714,85,29,37,8,3,66,123
S2715,84,32,29,7,3,66,150
S2716,94,34,31,8,3,70,124
S2717,94,40,35,8,3,78,153
S2718,91,35,33,7,3,67,114
S2719,83,40,40,9,3,80,113
S2720,81,29,40,9,3,68,101
S2721,97,37,37,9,4,84,107
S2722,98,36,35,8,3,69,104
S2723,99,37,40,9,3,79,169
S2724,71,26,27,6,2,46,116
S2725,91,40,30,8,4,74,161
S2726,77,28,31,7,3,52,149
S2727,92,28,33,6,3,67,135
S2728,94,38,37,8,4,84,178
S2729,78,32,34,8,2,66,106
S2730,90,40,39,9,2,74,142
S2731,86,31,28,7,3,63,97
S2732,86,39,36,9,4,79,168
S2733,81,37,29,7,2,65,116
S2734,83,28,37,7,2,58,135
S2735,82,30,34,8,2,57,139
S2736,84,31,29,6,3,55,160
S2737,79,40,28,8,3,67,92
S2738,81,36,29,8,3,64,153
S2739,79,29,28,6,3,57,133
S2740,80,32,35,7,3,65,142
S2741,72,30,23,7,3,51,113
S2742,91,35,38,8,2,68,149
S2743,98,29,36,8,3,76,92
S2744,85,29,32,8,2,54,109
S2745,83,23,30,5,3,47,135
S2746,93,28,27,5,4,51,104
S2747,98,40,40,8,3,81,114
S2748,82,30,26,7,3,53,167
S2749,76,29,27,7,3,62,160
S2750,89,39,35,8,2,77,106
S2751,90,34,35,9,3,77,173
S2752,91,40,39,9,4,88,98
S2753,76,29,30,7,2,51,127
S2754,87,35,30,8,3,64,137
S2755,77,26,29,7,3,51,149
S2756,88,30,30,8,3,69,152
S2757,85,36,26,7,4,64,175
S2758,93,36,38,9,3,75,91
S2759,90,37,40,9,3,88,177
S2760,87,38,35,9,3,71,161
S2761,92,39,39,9,3,77,100
S2762,90,33,25,7,3,65,153
S2763,87,38,34,10,2,75,166
S2764,73,33,40,8,3,64,170
S2765,89,33,28,8,2,58,161
S2766,94,30,39,8,4,74,110
S2767,89,31,31,7,2,64,107
S2768,89,37,34,9,3,77,153
S2769,80,32,27,7,2,57,171
S2770,89,30,34,9,3,66,127
S2771,80,35,25,7,2,58,121
S2772,71,29,30,7,3,48,100
S2773,87,33,25,7,3,54,134
S2774,98,40,35,9,3,85,178
S2775,71,26,38,6,3,59,122
S2776,98,36,38,9,3,80,130
S2777,87,32,34,7,3,67,97
S2778,69,30,25,7,3,53,100
S2779,79,32,33,8,4,71,175
S2780,90,28,32,7,2,55,140
S2781,93,37,40,9,2,83,177
S2782,84,35,37,9,2,72,130
S2783,80,28,39,8,2,58,106
S2784,96,40,36,9,3,85,165
S2785,94,34,34,8,3,78,135
S2786,81,30,35,8,2,64,121
S2787,82,27,27,7,3,54,168
S2788,85,30,28,8,3,61,169
S2789,85,35,33,8,3,64,143
S2790,82,31,32,6,3,68,175
S2791,97,25,34,7,3,59,109
S2792,92,34,39,9,4,80,122
S2793,79,26,28,6,2,47,163
S2794,77,32,30,8,3,65,129
S2795,79,35,31,8,2,60,121
S2796,93,35,36,8,3,65,91
S2797,93,37,35,8,4,73,122
S2798,72,21,29,6,3,55,166
S2799,100,38,36,8,3,78,119
S2800,83,29,40,8,3,62,122
S2801,90,39,36,8,3,69,166
S2802,95,39,38,8,3,82,115
S2803,80,31,34,7,2,63,111
S2804,85,35,30,8,2,57,155
S2805,90,35,34,8,3,70,127
S2806,72,27,33,7,2,45,179
S2807,81,28,31,6,2,54,135
S2808,85,39,36,8,2,69,104
S2809,92,30,40,6,3,69,133
S2810,87,38,33,7,3,77,138
S2811,85,32,30,7,3,64,164
S2812,89,34,32,8,2,70,150
S2813,90,33,36,7,3,62,156
S2814,84,29,28,7,3,55,95
S2815,77,33,36,8,3,75,98
S2816,70,31,28,8,2,52,95
S2817,82,32,32,7,2,61,162
S2818,89,33,35,8,2,75,121
S2819,76,24,26,6,3,47,130
S2820,76,23,26,5,3,39,165
S2821,91,32,35,9,4,72,97
S2822,93,40,34,8,3,78,161
S2823,94,40,40,8,3,79,139
S2824,72,27,26,6,2,47,151
S2825,84,30,36,7,3,66,173
S2826,91,25,34,7,4,59,151
S2827,76,29,36,7,3,66,96
S2828,77,35,27,8,3,62,164
S2829,83,28,33,5,4,61,173
S2830,78,23,32,7,2,60,169
S2831,94,39,30,9,3,70,93
S2832,86,28,36,7,3,63,95
S2833,81,30,32,7,2,58,147
S2834,78,31,29,7,2,60,111
S2835,87,30,32,7,3,62,115
S2836,87,33,40,9,3,79,92
S2837,80,25,29,5,2,48,130
S2838,84,25,35,6,3,53,149
S2839,82,38,33,7,2,69,103
S2840,74,33,31,7,3,65,164
S2841,87,34,36,9,3,78,171
S2842,86,32,26,7,2,58,101
S2843,88,30,35,9,2,61,176
S2844,91,36,40,8,3,76,101
S2845,86,32,30,7,3,61,102
S2846,88,33,25,6,2,54,114
S2847,85,31,40,8,3,69,134
S2848,72,25,24,6,2,42,108
S2849,82,31,36,9,3,64,144
S2850,91,33,35,8,2,65,134
S2851,81,27,23,5,2,44,97
S2852,83,32,40,9,3,83,142
S2853,83,31,28,6,3,54,144
S2854,100,29,33,8,3,70,121
S2855,80,30,19,5,3,46,140
S2856,72,37,28,9,3,64,133
S2857,72,21,30,6,1,39,171
S2858,87,30,34,8,2,65,159
S2859,79,25,25,6,2,52,107
S2860,83,35,30,7,3,64,172
S2861,89,32,30,6,3,63,111
S2862,91,34,27,7,3,71,126
S2863,79,28,27,6,2,58,145
S2864,100,33,40,9,3,78,148
S2865,98,33,33,8,3,65,92
S2866,98,35,37,8,3,76,117
S2867,89,38,36,7,4,77,163
S2868,87,26,26,6,3,52,124
S2869,87,34,32,9,2,66,150
S2870,93,40,37,9,4,88,143
S2871,71,34,33,7,2,70,152
S2872,95,37,37,9,4,71,168
S2873,92,31,31,7,4,66,96
S2874,88,37,36,9,3,70,165
S2875,93,40,36,10,2,75,138
S2876,88,37,27,8,4,74,174
S2877,79,25,40,7,3,64,120
S2878,88,31,35,6,3,64,147
S2879,90,31,35,8,3,69,150
S2880,79,35,31,8,2,62,113
S2881,83,26,34,7,2,61,109
S2882,84,40,31,6,3,58,126
S2883,80,37,32,8,3,65,93
S2884,97,33,33,7,3,70,109
S2885,88,31,34,8,3,68,149
S2886,83,32,29,7,3,59,113
S2887,96,32,35,7,4,84,139
S2888,82,35,29,6,3,59,138
S2889,58,25,27,6,2,43,140
S2890,72,30,25,7,4,56,125
S2891,84,40,31,8,3,76,155
S2892,93,39,39,9,3,89,168
S2893,92,29,36,8,3,65,123
S2894,80,32,31,8,3,63,125
S2895,86,40,23,8,3,65,95
S2896,81,29,26,7,3,58,128
S2897,77,28,28,6,2,53,131
S2898,94,33,30,7,3,69,147
S2899,95,33,30,8,3,76,101
S2900,78,34,31,8,2,53,92
S2901,87,33,32,8,3,67,107
S2902,75,25,28,6,3,48,129
S2903,88,31,37,9,3,78,110
S2904,90,32,31,6,3,63,104
S2905,89,29,39,8,3,76,115
S2906,96,39,40,9,3,86,97
S2907,88,29,34,8,3,69,176
S2908,87,37,28,8,3,59,131
S2909,92,39,33,8,4,81,133
S2910,83,29,32,7,2,62,103
S2911,78,27,34,7,2,49,167
S2912,73,32,29,9,2,61,91
S2913,88,40,33,9,3,73,126
S2914,68,32,27,7,3,56,158
S2915,88,33,34,8,3,73,127
S2916,84,34,29,7,3,60,130
S2917,84,40,35,9,3,80,151
S2918,100,34,32,9,3,78,149
S2919,70,24,28,7,2,41,103
S2920,72,34,28,7,3,61,178
S2921,70,30,32,8,3,61,173
S2922,80,30,32,8,3,71,91
S2923,84,34,39,9,2,80,159
S2924,98,34,40,9,4,80,106
S2925,71,22,25,6,2,39,178
S2926,69,24,26,7,3,46,117
S2927,88,34,28,8,2,59,155
S2928,94,38,35,8,4,90,124
S2929,84,33,28,8,3,65,94
S2930,90,37,33,7,4,76,154
S2931,76,30,29,6,3,63,129
S2932,83,34,36,8,3,75,165
S2933,82,31,27,7,2,55,145
S2934,100,37,34,7,3,79,125
S2935,78,28,35,7,2,59,134
S2936,74,28,27,6,3,51,112
S2937,83,26,26,5,3,40,136
S2938,79,37,33,7,3,64,120
S2939,80,36,34,8,3,65,100
S2940,73,30,28,7,2,48,99
S2941,85,27,29,7,3,56,156
S2942,75,31,33,8,3,60,103
S2943,100,39,37,9,4,80,169
S2944,85,40,30,8,3,73,163
S2945,95,39,31,8,3,73,99
S2946,73,28,24,6,2,44,165
S2947,78,27,28,6,3,46,90
S2948,84,32,33,7,2,63,94
S2949,76,27,28,6,2,41,109
S2950,87,39,25,8,3,59,97
S2951,73,32,33,7,3,65,132
S2952,100,33,37,9,3,80,165
S2953,84,29,26,6,3,59,90
S2954,72,30,24,7,2,49,146
S2955,97,40,25,7,3,69,153
S2956,74,28,31,6,3,53,173
S2957,80,31,28,7,3,64,117
S2958,90,26,37,8,3,63,126
S2959,80,30,33,7,3,63,136
S2960,80,27,25,7,4,51,165
S2961,72,18,30,5,2,37,126
S2962,90,31,36,8,2,68,138
S2963,100,29,40,7,4,77,133
S2964,91,32,35,8,3,71,145
S2965,79,29,35,7,3,56,117
S2966,74,29,31,9,3,60,168
S2967,76,20,32,7,3,50,95
S2968,87,35,23,5,3,56,150
S2969,78,33,30,7,3,63,109
S2970,85,27,32,7,3,54,167
S2971,75,26,32,6,1,50,91
S2972,88,34,31,8,2,61,162
S2973,89,35,31,8,4,73,126
S2974,73,23,35,8,2,52,109
S2975,85,36,31,9,3,74,115
S2976,86,31,31,6,2,53,118
S2977,90,35,29,8,2,59,90
S2978,83,23,23,5,3,46,124
S2979,96,40,35,9,4,85,159
S2980,75,23,23,7,2,44,148
S2981,94,34,39,9,3,79,158
S2982,91,40,35,9,3,83,122
S2983,100,37,37,8,2,73,140
S2984,89,32,30,8,3,63,167
S2985,92,35,34,8,2,66,101
S2986,80,31,32,8,2,62,109
S2987,73,32,26,7,2,52,142
S2988,93,27,37,7,3,66,177
S2989,87,27,35,8,2,70,132
S2990,86,37,33,8,3,66,178
S2991,70,28,29,7,3,44,139
S2992,89,32,39,8,3,71,118
S2993,88,30,25,7,2,49,146
S2994,97,40,38,9,4,81,128
S2995,82,31,28,6,2,52,145
S2996,78,38,27,7,2,57,132
S2997,78,30,33,9,2,61,139
S2998,82,29,40,8,3,59,112
S2999,97,32,38,7,3,64,133
